{"cameraMode":{"drawMode":0,"name":"Shaded","section":"Shading Mode"},"sceneLighting":false,"audioPlay":false,"sceneViewState":{"showFog":true,"showMaterialUpdate":false,"showSkybox":true,"showFlares":true,"showImageEffects":true,"showParticleSystems":true},"in2DMode":false,"pivot":{"x":23.004079818725587,"y":6.460000038146973,"z":-79.02999877929688},"rotation":{"x":-0.18962794542312623,"y":0.7665858864784241,"z":-0.5547223091125488,"w":-0.262050598859787},"size":2.8578836917877199,"orthographic":false}