{"cameraMode":{"drawMode":0,"name":"Shaded","section":"Shading Mode"},"sceneLighting":false,"audioPlay":false,"sceneViewState":{"showFog":true,"showMaterialUpdate":false,"showSkybox":true,"showFlares":true,"showImageEffects":true,"showParticleSystems":true},"in2DMode":false,"pivot":{"x":84.24800109863281,"y":4.876999855041504,"z":-89.05899810791016},"rotation":{"x":-0.44177860021591189,"y":0.5540406703948975,"z":-0.45116251707077029,"w":-0.5425154566764832},"size":2.8578836917877199,"orthographic":false}